<?xml version='1.0' encoding='UTF-8' standalone='yes' ?>
<PROJECT IID="1" BUILDPATH="C:/Users/gs_sa/AppData/Local/Temp/VSM Studio/2fb1e5ea866147a3b91b21ffa489e378/ARDUINO UNO_1" VERSION="830" TYPE="SOURCE" NAME="ARDUINO UNO_1" CONFIGURATION="Debug">
 <FILES ATTACH="1">
  <FILE ATTACH="1" GROUP="Source Files" NAME="ARDUINO UNO_1/main.ino"/>
  <FILE ATTACH="1" GROUP="Firmware Files" NAME="ARDUINO UNO_1/Debug/Debug.elf" FIRMWARE="1"/>
 </FILES>
 <CONFIGURATION CRC="b61d1146c95d92c7d943e124728f350f" TARGET="Debug" COMPILER="Arduino AVR (Proteus)" NAME="Debug">
  <CONTROLLER FAMILY="ARDUINO" TYPE="Arduino Uno"/>
  <FILE TOOL="LD">
   <FILE TOOL="CC">
    <FILE TOOL="APP">
     <FILE NAME="ARDUINO UNO_1/main.ino"/>
    </FILE>
   </FILE>
  </FILE>
  <OPTION DEFAULT="1" TOOL="LD" NAME="-Wl," VALUE="--gc-sections"/>
  <OPTION DEFAULT="1" TOOL="LD" NAME="" VALUE="-lm"/>
  <OPTION DEFAULT="1" TOOL="LD" NAME="-mmcu=" VALUE="atmega328p"/>
  <OPTION DEFAULT="1" TOOL="CC" NAME="-W" VALUE="all"/>
  <OPTION DEFAULT="1" TOOL="CC" NAME="-g" VALUE="dwarf-2"/>
  <OPTION DEFAULT="1" TOOL="CC" NAME="-fno-exceptions"/>
  <OPTION DEFAULT="1" TOOL="CC" NAME="-ffunction-sections"/>
  <OPTION DEFAULT="1" TOOL="CC" NAME="-fdata-sections"/>
  <OPTION DEFAULT="1" TOOL="CC" NAME="-D" VALUE="F_CPU=%CLOCK%"/>
  <OPTION DEFAULT="1" TOOL="CC" NAME="-I " VALUE=".."/>
  <OPTION DEFAULT="1" TOOL="CC" NAME="-I " VALUE="%DRIVERS_DIR_QUOTED%"/>
  <OPTION DEFAULT="1" TOOL="CC" NAME="-D" VALUE="ARDUINO_ARCH_AVR"/>
  <OPTION DEFAULT="1" TOOL="CC" NAME="" VALUE="@arduino/libs.inc"/>
  <OPTION DEFAULT="1" TOOL="CC" NAME="-std=gnu++11"/>
  <OPTION DEFAULT="1" TOOL="CC" NAME="-fno-threadsafe-statics"/>
  <OPTION DEFAULT="1" TOOL="CC" NAME="-O" VALUE="0"/>
  <OPTION DEFAULT="1" TOOL="CC" NAME="-mmcu=" VALUE="atmega328p"/>
  <OPTION DEFAULT="1" TOOL="APP" NAME="-C " VALUE="%BOARD%"/>
  <OPTION DEFAULT="1" TOOL="APP" NAME="-T " VALUE="-std=gnu++11"/>
  <OPTION DEFAULT="1" TOOL="APP" NAME="-T " VALUE="-fno-threadsafe-statics"/>
  <OPTION DEFAULT="1" TOOL="APP" NAME="-N " VALUE="atmega328p"/>
  <OPTION DEFAULT="1" TOOL="APP" NAME="-F " VALUE="%CLOCK%"/>
  <OPTION DEFAULT="1" TOOL="APP" NAME="-U " VALUE="%DRIVERS_QUOTED_DIR%"/>
 </CONFIGURATION>
 <CONFIGURATION CRC="b61d1146c95d92c7d943e124728f350f" TARGET="Release" COMPILER="Arduino AVR (Proteus)" NAME="Release">
  <CONTROLLER FAMILY="ARDUINO" TYPE="Arduino Uno"/>
  <FILE TOOL="LD">
   <FILE TOOL="CC">
    <FILE TOOL="APP">
     <FILE NAME="ARDUINO UNO_1/main.ino"/>
    </FILE>
   </FILE>
  </FILE>
  <OPTION DEFAULT="1" TOOL="LD" NAME="-Wl," VALUE="--gc-sections"/>
  <OPTION DEFAULT="1" TOOL="LD" NAME="" VALUE="-lm"/>
  <OPTION DEFAULT="1" TOOL="LD" NAME="-mmcu=" VALUE="atmega328p"/>
  <OPTION DEFAULT="1" TOOL="CC" NAME="-W" VALUE="all"/>
  <OPTION DEFAULT="1" TOOL="CC" NAME="-g" VALUE="dwarf-2"/>
  <OPTION DEFAULT="1" TOOL="CC" NAME="-fno-exceptions"/>
  <OPTION DEFAULT="1" TOOL="CC" NAME="-ffunction-sections"/>
  <OPTION DEFAULT="1" TOOL="CC" NAME="-fdata-sections"/>
  <OPTION DEFAULT="1" TOOL="CC" NAME="-D" VALUE="F_CPU=%CLOCK%"/>
  <OPTION DEFAULT="1" TOOL="CC" NAME="-I " VALUE=".."/>
  <OPTION DEFAULT="1" TOOL="CC" NAME="-I " VALUE="%DRIVERS_DIR_QUOTED%"/>
  <OPTION DEFAULT="1" TOOL="CC" NAME="-D" VALUE="ARDUINO_ARCH_AVR"/>
  <OPTION DEFAULT="1" TOOL="CC" NAME="" VALUE="@arduino/libs.inc"/>
  <OPTION DEFAULT="1" TOOL="CC" NAME="-std=gnu++11"/>
  <OPTION DEFAULT="1" TOOL="CC" NAME="-fno-threadsafe-statics"/>
  <OPTION DEFAULT="1" TOOL="CC" NAME="-O" VALUE="s"/>
  <OPTION DEFAULT="1" TOOL="CC" NAME="-mmcu=" VALUE="atmega328p"/>
  <OPTION DEFAULT="1" TOOL="APP" NAME="-C " VALUE="%BOARD%"/>
  <OPTION DEFAULT="1" TOOL="APP" NAME="-T " VALUE="-std=gnu++11"/>
  <OPTION DEFAULT="1" TOOL="APP" NAME="-T " VALUE="-fno-threadsafe-statics"/>
  <OPTION DEFAULT="1" TOOL="APP" NAME="-N " VALUE="atmega328p"/>
  <OPTION DEFAULT="1" TOOL="APP" NAME="-F " VALUE="%CLOCK%"/>
  <OPTION DEFAULT="1" TOOL="APP" NAME="-U " VALUE="%DRIVERS_QUOTED_DIR%"/>
 </CONFIGURATION>
 <PROPERTY NAME="BOARD" VALUE="pro328"/>
 <PROPERTY NAME="CLOCK" VALUE="16000000"/>
</PROJECT>
